{"10": {"my_own": 11.403591394424438, "brute": 0.6650972366333008, "kd_tree": 3.7563343048095703, "ball_tree": 3.670999050140381}, "20": {"my_own": 6.353355169296265, "brute": 0.48292064666748047, "kd_tree": 5.563888311386108, "ball_tree": 13.008382797241211}, "100": {"my_own": 6.650333881378174, "brute": 0.9585871696472168, "kd_tree": 79.96534776687622, "ball_tree": 67.13572788238525}}