{"my_own": {"euclidean": {"1": [23.502187569936115, 0.9678714036607117], "2": [23.502187569936115, 0.9620285634540031], "3": [23.502187569936115, 0.9687856981507553], "4": [23.502187569936115, 0.9672142673338193], "5": [23.502187569936115, 0.9673571271297582], "6": [23.502187569936115, 0.9663999761090759], "7": [23.502187569936115, 0.9667285516193558], "8": [23.502187569936115, 0.9656714138637494], "9": [23.502187569936115, 0.9648285520267379], "10": [23.502187569936115, 0.9645428446795833]}, "cosine": {"1": [19.375863631566364, 0.9720999712135132], "2": [19.375863631566364, 0.9690142501919419], "3": [19.375863631566364, 0.9730999806015425], "4": [19.375863631566364, 0.9723142685603733], "5": [19.375863631566364, 0.9723999822338865], "6": [19.375863631566364, 0.9720142789682655], "7": [19.375863631566364, 0.970928551008834], "8": [19.375863631566364, 0.9707142726412946], "9": [19.375863631566364, 0.969885699171598], "10": [19.375863631566364, 0.9697285577429419]}}, "brute": {"euclidean": {"1": [12.227348645528158, 0.9678714036607117], "2": [12.227348645528158, 0.9620285634540031], "3": [12.227348645528158, 0.9687856981507553], "4": [12.227348645528158, 0.9672142673338193], "5": [12.227348645528158, 0.9673571271297582], "6": [12.227348645528158, 0.9663999761090759], "7": [12.227348645528158, 0.9667285516193558], "8": [12.227348645528158, 0.9656714138637494], "9": [12.227348645528158, 0.9648142667206038], "10": [12.227348645528158, 0.9645428446795833]}, "cosine": {"1": [32.885553201039635, 0.9720999712135132], "2": [32.885553201039635, 0.9690142501919419], "3": [32.885553201039635, 0.9730999806015425], "4": [32.885553201039635, 0.9723142685603733], "5": [32.885553201039635, 0.9723999822338865], "6": [32.885553201039635, 0.9720142789682655], "7": [32.885553201039635, 0.970928551008834], "8": [32.885553201039635, 0.9707142726412946], "9": [32.885553201039635, 0.969885699171598], "10": [32.885553201039635, 0.9697285577429419]}}, "kd_tree": {"euclidean": {"1": [1230.2123958269756, 0.9678714036607117], "2": [1230.2123958269756, 0.9620285634540031], "3": [1230.2123958269756, 0.9687856981507553], "4": [1230.2123958269756, 0.9672142673338193], "5": [1230.2123958269756, 0.9673571271297582], "6": [1230.2123958269756, 0.9663999761090759], "7": [1230.2123958269756, 0.9667285516193558], "8": [1230.2123958269756, 0.9656714138637494], "9": [1230.2123958269756, 0.9648142667206038], "10": [1230.2123958269756, 0.9645428446795833]}, "cosine": {"1": null, "2": null, "3": null, "4": null, "5": null, "6": null, "7": null, "8": null, "9": null, "10": null}}, "ball_tree": {"euclidean": {"1": [972.9978443781534, 0.9678714036607117], "2": [972.9978443781534, 0.9620285634540031], "3": [972.9978443781534, 0.9687856981507553], "4": [972.9978443781534, 0.9672142673338193], "5": [972.9978443781534, 0.9673571271297582], "6": [972.9978443781534, 0.9663999761090759], "7": [972.9978443781534, 0.9667285516193558], "8": [972.9978443781534, 0.9656714138637494], "9": [972.9978443781534, 0.9648285520267379], "10": [972.9978443781534, 0.9645428446795833]}, "cosine": {"1": null, "2": null, "3": null, "4": null, "5": null, "6": null, "7": null, "8": null, "9": null, "10": null}}}