{"my_own": {"euclidean": {"1": [19.95639165242513, 0.9678714036607117], "2": [19.95639165242513, 0.9678714036607117], "3": [19.95639165242513, 0.969985693865592], "4": [19.95639165242513, 0.9704428334576619], "5": [19.95639165242513, 0.9685999830486504], "6": [19.95639165242513, 0.9692713997837873], "7": [19.95639165242513, 0.9677571193749303], "8": [19.95639165242513, 0.9680285548851458], "9": [19.95639165242513, 0.9662428401905454], "10": [19.95639165242513, 0.9662856948844754]}, "cosine": {"1": [20.12466247876485, 0.9720999712135132], "2": [20.12466247876485, 0.9720999712135132], "3": [20.12466247876485, 0.9735999834588486], "4": [20.12466247876485, 0.9740999801937931], "5": [20.12466247876485, 0.9734857040709564], "6": [20.12466247876485, 0.9736999812140236], "7": [20.12466247876485, 0.9721856989684579], "8": [20.12466247876485, 0.9724999848869506], "9": [20.12466247876485, 0.9711999803966882], "10": [20.12466247876485, 0.9711285606006154]}}, "brute": {"euclidean": {"1": [12.563727537790934, 0.9678714036607117], "2": [12.563727537790934, 0.9678714036607117], "3": [12.563727537790934, 0.969985693865592], "4": [12.563727537790934, 0.9704428334576619], "5": [12.563727537790934, 0.9685999830486504], "6": [12.563727537790934, 0.9692713997837873], "7": [12.563727537790934, 0.9677571193749303], "8": [12.563727537790934, 0.9680285548851458], "9": [12.563727537790934, 0.9662428401905454], "10": [12.563727537790934, 0.9662856948844754]}, "cosine": {"1": [32.81743001937866, 0.9720999712135132], "2": [32.81743001937866, 0.9720999712135132], "3": [32.81743001937866, 0.9735999834588486], "4": [32.81743001937866, 0.9740999801937931], "5": [32.81743001937866, 0.9734857040709564], "6": [32.81743001937866, 0.9736999812140236], "7": [32.81743001937866, 0.9721856989684579], "8": [32.81743001937866, 0.9724999848869506], "9": [32.81743001937866, 0.9711999803966882], "10": [32.81743001937866, 0.9711285606006154]}}, "kd_tree": {"euclidean": {"1": [1232.0163729985554, 0.9678714036607117], "2": [1232.0163729985554, 0.9678714036607117], "3": [1232.0163729985554, 0.969985693865592], "4": [1232.0163729985554, 0.9704428334576619], "5": [1232.0163729985554, 0.9685999830486504], "6": [1232.0163729985554, 0.9692713997837873], "7": [1232.0163729985554, 0.9677571193749303], "8": [1232.0163729985554, 0.9680285548851458], "9": [1232.0163729985554, 0.9662428401905454], "10": [1232.0163729985554, 0.9662856948844754]}, "cosine": {"1": null, "2": null, "3": null, "4": null, "5": null, "6": null, "7": null, "8": null, "9": null, "10": null}}, "ball_tree": {"euclidean": {"1": [971.8223607540131, 0.9678714036607117], "2": [971.8223607540131, 0.9678714036607117], "3": [971.8223607540131, 0.969985693865592], "4": [971.8223607540131, 0.9704428334576619], "5": [971.8223607540131, 0.9685999830486504], "6": [971.8223607540131, 0.9692713997837873], "7": [971.8223607540131, 0.9677571193749303], "8": [971.8223607540131, 0.9680285548851458], "9": [971.8223607540131, 0.9662428401905454], "10": [971.8223607540131, 0.9662856948844754]}, "cosine": {"1": null, "2": null, "3": null, "4": null, "5": null, "6": null, "7": null, "8": null, "9": null, "10": null}}}